Tipo de atividade,Data,Favorito,Título,Distância,Calorias,Tempo,FC Média,FC máxima,Cadência de corrida média,Cadência de corrida máxima,Ritmo médio,Melhor ritmo,Subida total,Descida total,Comprimento médio da passada,Training Stress Score®,Total de braçadas,Média de Swolf,Taxa média de braçadas,Passos,Descompressão,Tempo da melhor volta,Número de voltas,Tempo em movimento,Duração,Elevação mínima,Elevação máxima
Corrida,2026-03-02 06:34:08,false,"São Paulo - Forte x Fraco","11.00","611","00:59:34","153","169","184","200","5:25","4:33","243","256","1.00","0.0","--","--","--","10,900","Não","00:00:00.9","19","00:59:26","01:02:00","743","774"
Corrida,2026-02-28 07:37:12,false,"São Paulo - Longo","10.03","545","00:59:15","137","159","179","186","5:54","4:43","161","163","0.95","0.0","--","--","--","10,610","Não","00:00:12.1","11","00:59:03","01:19:04","744","775"
Corrida,2026-02-27 06:30:51,false,"São Paulo - Rodagem","22.01","1,238","02:06:45","148","161","179","197","5:46","4:59","306","309","0.97","0.0","--","--","--","22,594","Não","00:00:02.9","23","02:06:38","02:20:13","743","775"
Corrida,2026-02-25 06:58:43,false,"São Paulo Corrida","4.01","225","00:22:37","148","155","180","187","5:39","5:12","45","44","0.99","0.0","--","--","--","4,070","Não","00:00:01.6","5","00:22:29","00:22:37","747","766"
Corrida,2026-02-25 06:34:53,false,"São Paulo Corrida","3.01","157","00:14:09","164","173","190","202","4:42","4:18","11","22","1.12","0.0","--","--","--","2,658","Não","00:00:02.4","4","00:14:03","00:14:09","747","774"
Corrida,2026-02-25 06:14:59,false,"São Paulo - Base","3.00","159","00:16:32","139","152","180","187","5:30","5:00","59","40","1.01","0.0","--","--","--","2,974","Não","00:00:01.1","4","00:16:26","00:17:52","747","774"
Corrida,2026-02-23 06:47:47,false,"São Paulo - Forte x Fraco","10.01","541","00:55:25","145","158","181","196","5:32","4:33","173","174","1.00","0.0","--","--","--","9,996","Não","00:00:10.8","17","00:55:06","00:57:40","744","775"
Corrida,2026-02-21 07:09:39,false,"São Paulo Corrida","10.01","551","00:58:49","140","151","179","191","5:53","5:12","151","147","0.95","0.0","--","--","--","10,510","Não","00:00:01.5","11","00:58:44","01:02:00","744","774"
Corrida,2026-02-20 06:36:32,false,"São Paulo Corrida","16.01","897","01:31:38","147","164","180","194","5:43","4:54","193","194","0.97","0.0","--","--","--","16,448","Não","00:00:02.8","17","01:31:28","01:42:23","744","775"
Corrida,2026-02-18 06:30:55,false,"São Paulo - Potência","4.85","254","00:28:23","132","158","171","192","5:51","4:43","105","112","1.00","0.0","--","--","--","4,934","Não","00:00:41.1","8","00:27:49","00:51:49","747","775"
Corrida,2026-02-16 06:46:15,false,"São Paulo - Forte x Fraco","9.01","483","00:52:03","140","158","177","201","5:47","4:17","160","161","0.98","0.0","--","--","--","9,126","Não","00:00:03.3","15","00:50:30","01:00:31","744","775"
Corrida,2026-02-14 06:56:58,false,"São Paulo - Base","12.01","631","01:12:11","132","147","178","185","6:01","5:27","174","175","0.93","0.0","--","--","--","12,888","Não","00:02:16.5","13","01:11:51","01:24:54","744","775"
Corrida,2026-02-13 06:18:35,false,"São Paulo - Longo","22.01","1,232","02:08:20","148","167","179","190","5:50","5:17","339","342","0.96","0.0","--","--","--","22,970","Não","00:00:02.7","23","02:08:13","02:23:26","744","774"
Corrida,2026-02-11 06:39:37,false,"São Paulo - Potência","11.01","600","01:07:32","138","161","158","239","6:08","4:11","203","202","1.03","0.0","--","--","--","11,102","Não","00:00:02.7","33","01:07:04","01:09:48","744","775"
Corrida,2026-02-09 07:01:47,false,"São Paulo - Rodagem","8.01","429","00:46:06","141","156","181","194","5:45","4:59","113","116","0.96","0.0","--","--","--","8,320","Não","00:00:05.0","9","00:46:00","00:46:06","744","774"
Corrida,2026-02-07 07:40:16,false,"São Paulo - Pico do Jaraguá","14.01","830","01:35:26","145","184","174","230","6:49","5:12","491","492","0.84","0.0","--","--","--","16,784","Não","00:00:01.5","15","01:35:07","01:59:26","764","1,084"
Corrida,2026-02-06 06:50:51,false,"São Paulo - Rodagem","12.01","670","01:09:17","145","157","178","186","5:46","5:04","226","228","0.98","0.0","--","--","--","12,260","Não","00:00:02.1","13","01:09:10","01:14:17","743","775"
Corrida,2026-02-04 06:37:34,false,"São Paulo - Potência","11.01","596","01:07:59","136","160","159","247","6:10","4:13","200","202","1.03","0.0","--","--","--","11,292","Não","00:00:02.9","33","01:07:21","01:09:59","743","775"
Corrida,2026-02-02 06:37:49,false,"São Paulo Corrida","11.01","618","01:03:02","147","161","178","196","5:44","4:35","208","207","0.98","0.0","--","--","--","11,266","Não","00:00:01.9","12","01:02:46","01:07:36","743","775"
Corrida,2026-01-31 07:05:35,false,"São Bernardo do Campo - Longo","20.00","1,127","01:57:11","145","163","183","194","5:51","5:01","185","187","0.93","0.0","--","--","--","21,388","Não","00:05:29.7","20","01:56:40","02:23:45","730","769"
Corrida,2026-01-30 06:27:09,false,"São Paulo - Rodagem","10.01","547","00:58:07","140","154","177","192","5:48","5:23","173","172","0.97","0.0","--","--","--","10,274","Não","00:00:02.5","11","00:58:05","01:12:05","744","775"
Corrida,2026-01-28 06:39:53,false,"São Paulo - Potência","10.01","546","01:01:20","140","165","152","199","6:08","3:56","179","186","1.10","0.0","--","--","--","9,896","Não","00:00:03.2","29","00:59:32","01:10:09","744","775"
Corrida,2026-01-26 07:01:12,false,"São Paulo - Forte x Fraco","10.01","532","00:57:35","137","158","178","193","5:45","4:52","148","150","0.98","0.0","--","--","--","10,242","Não","00:00:01.9","17","00:57:13","01:01:59","747","775"
Corrida,2026-01-24 07:15:19,false,"São Paulo - Rodagem","10.00","521","00:57:34","136","157","180","193","5:45","4:57","147","144","0.97","0.0","--","--","--","10,334","Não","00:00:03.3","11","00:57:25","01:08:58","743","774"
Corrida,2026-01-23 06:20:36,false,"São Paulo Corrida","18.64","1,022","01:46:08","147","168","180","194","5:42","5:02","262","266","0.98","0.0","--","--","--","19,058","Não","00:03:41.5","19","01:45:50","02:02:02","744","774"
Corrida,2026-01-21 06:51:01,false,"São Paulo - Potência","10.00","537","01:01:49","133","157","160","203","6:11","4:12","185","186","1.01","0.0","--","--","--","10,114","Não","00:00:01.9","29","01:00:43","01:20:05","743","775"
Corrida,2026-01-19 06:41:02,false,"São Paulo - Forte x Fraco","10.00","541","00:57:51","142","160","179","194","5:47","4:43","123","123","0.97","0.0","--","--","--","10,270","Não","00:00:01.7","17","00:57:38","01:01:33","744","774"
Corrida,2026-01-17 07:07:45,false,"São Paulo - Longo","14.02","757","01:19:31","144","158","180","199","5:40","4:47","229","234","0.98","0.0","--","--","--","14,252","Não","00:00:04.9","15","01:19:23","01:27:57","744","775"
Corrida,2026-01-16 06:51:36,false,"São Paulo - Rodagem","8.01","429","00:44:43","141","154","177","196","5:35","4:59","100","103","1.01","0.0","--","--","--","7,934","Não","00:00:01.9","9","00:44:39","00:49:43","743","775"
Corrida,2026-01-14 06:46:13,false,"São Paulo - Forte x Fraco","10.01","541","00:59:54","140","164","159","243","5:59","4:07","191","194","1.06","0.0","--","--","--","10,014","Não","00:00:02.2","29","00:59:08","01:08:15","744","775"
Corrida,2026-01-12 06:52:37,false,"São Paulo - Forte x Fraco","10.00","551","00:55:53","151","164","180","207","5:35","3:59","118","121","0.99","0.0","--","--","--","9,918","Não","00:01:07.1","16","00:55:09","01:00:54","745","775"
Corrida,2026-01-10 07:25:06,false,"São Paulo - Longo","12.00","655","01:07:09","148","159","182","193","5:36","5:00","158","160","0.98","0.0","--","--","--","12,170","Não","00:00:02.2","13","01:06:43","01:35:55","744","775"
Corrida,2026-01-07 06:50:22,false,"São Paulo - Patins","3.76","234","00:47:45","101","136","96","194","12:41","6:02","53","47","0.83","0.0","--","--","--","5,208","Não","00:00:47.8","6","00:31:05","00:57:02","747","767"
Corrida,2026-01-05 06:58:06,false,"São Paulo - Forte x Fraco","8.22","431","00:45:10","141","159","179","229","5:30","4:42","153","152","1.02","0.0","--","--","--","8,076","Não","00:01:10.0","14","00:44:54","00:48:35","744","774"
Corrida,2026-01-03 06:55:22,false,"São Paulo - Longo","16.00","830","01:32:58","135","152","178","187","5:49","5:07","235","228","0.97","0.0","--","--","--","16,616","Não","00:00:01.1","17","01:32:33","01:56:00","744","775"
Corrida,2026-01-02 06:56:53,false,"São Paulo - Rodagem","10.00","520","00:58:00","133","148","179","190","5:48","5:17","154","150","0.96","0.0","--","--","--","10,362","Não","00:00:02.3","11","00:57:52","01:03:18","744","775"
Corrida,2025-12-31 06:53:37,false,"São Paulo Corrida","10.01","521","00:58:11","136","153","176","189","5:49","4:54","118","121","0.98","0.0","--","--","--","10,320","Não","00:00:02.7","11","00:57:14","01:08:20","743","775"
Corrida,2025-12-29 06:30:07,false,"São Paulo - Forte x Fraco","10.00","533","00:56:49","143","164","177","216","5:41","4:18","122","119","0.99","0.0","--","--","--","9,894","Não","00:00:01.2","17","00:56:09","01:05:24","744","775"
Corrida,2025-12-27 06:13:21,false,"São Paulo - Longo","16.00","851","01:30:11","145","161","177","189","5:38","4:54","208","215","1.00","0.0","--","--","--","16,008","Não","00:00:01.5","17","01:29:17","01:45:14","744","775"
Corrida,2025-12-24 07:37:12,false,"São Paulo - Forte x Fraco","9.02","485","00:50:49","147","165","180","197","5:38","4:47","152","155","0.99","0.0","--","--","--","9,136","Não","00:00:05.1","16","00:50:25","00:59:35","744","774"
Corrida,2025-12-22 07:21:45,false,"São Paulo - Forte x Fraco","9.00","478","00:52:32","140","169","175","236","5:50","4:21","119","118","0.98","0.0","--","--","--","9,224","Não","00:00:01.6","16","00:51:48","01:05:45","743","775"
Corrida,2025-12-20 06:46:52,false,"São Paulo - Longo","13.03","701","01:30:46","131","151","148","192","6:58","5:02","220","222","0.97","0.0","--","--","--","13,820","Não","00:00:09.7","14","01:17:43","01:58:38","725","853"
Corrida,2025-12-19 07:47:54,false,"São Paulo - Rodagem","8.01","449","00:45:56","144","165","179","187","5:44","5:09","107","113","0.98","0.0","--","--","--","8,200","Não","00:00:01.8","9","00:45:49","01:25:56","744","775"
Corrida,2025-12-17 07:30:50,false,"São Paulo - Forte x Fraco","8.00","439","00:44:34","149","167","180","200","5:34","4:17","121","115","1.00","0.0","--","--","--","7,974","Não","00:00:01.0","14","00:44:23","00:44:47","744","774"
Corrida,2025-12-15 06:53:34,false,"São Paulo - Forte x Fraco","8.00","434","00:44:00","151","167","181","194","5:30","4:24","127","125","1.00","0.0","--","--","--","7,956","Não","00:00:02","14","00:43:46","00:48:10","744","774"
Corrida,2025-12-13 07:49:12,false,"São Paulo - Longo","15.01","816","01:23:54","148","163","180","191","5:35","5:02","247","241","0.99","0.0","--","--","--","15,104","Não","00:00:02.4","16","01:23:21","01:34:09","744","775"
Corrida,2025-12-10 06:32:26,false,"São Paulo - Rodagem","10.01","548","00:57:44","143","158","181","192","5:46","5:05","147","150","0.96","0.0","--","--","--","10,426","Não","00:00:03.7","11","00:57:36","01:06:15","744","772"
Corrida,2025-12-08 06:44:34,false,"São Paulo - Rodagem","9.01","494","00:52:43","142","156","177","189","5:51","5:12","115","116","0.96","0.0","--","--","--","9,336","Não","00:00:07.4","10","00:52:30","01:02:33","743","773"
Corrida,2025-12-06 07:12:15,false,"São Paulo - Longo","12.01","660","01:08:27","147","158","180","193","5:42","5:11","201","201","0.97","0.0","--","--","--","12,304","Não","00:00:02.8","13","01:08:20","01:13:11","743","774"
Corrida,2025-12-05 07:01:09,false,"São Paulo - Rodagem","8.01","439","00:46:34","141","152","180","193","5:49","5:12","163","164","0.96","0.0","--","--","--","8,356","Não","00:00:02.8","9","00:46:28","00:46:34","744","775"
Corrida,2025-12-03 07:05:54,false,"São Paulo - Rodagem","5.65","309","00:33:59","135","151","179","186","6:01","5:25","83","83","0.93","0.0","--","--","--","6,058","Não","00:03:38.2","6","00:33:57","00:33:59","743","773"
Caminhada,2025-12-02 09:34:34,false,"Santos Caminhada","5.02","292","01:47:27","76","104","45","216","21:24","11:10","9","--","1.05","0.0","--","--","--","8,596","Não","01:47:27","1","01:21:16","01:47:27","--","12"
Outros,2025-12-01 12:13:47,false,"Beach Tênis - Santos ","0.74","401","01:29:10","107","140","9","234","0.5","7.8","6","0","0.95","0.0","--","--","--","1,872","Não","01:29:10","1","00:17:07","01:43:45","--","6"
Corrida,2025-11-30 06:02:57,false,"Santos - Prova","12.09","670","01:02:24","164","174","183","195","5:10","4:28","137","123","1.06","0.0","--","--","--","11,332","Não","00:00:24.3","13","01:02:18","01:02:24","0","26"
Corrida,2025-11-28 06:54:46,false,"São Paulo - Rodagem","7.00","387","00:40:02","142","154","178","197","5:43","5:18","87","90","0.98","0.0","--","--","--","7,110","Não","00:00:01.7","8","00:39:58","00:40:02","745","774"
Corrida,2025-11-26 06:53:06,false,"São Paulo - Rodagem","8.01","447","00:46:58","145","156","177","188","5:52","5:15","132","130","0.96","0.0","--","--","--","8,304","Não","00:00:02.2","9","00:46:56","00:46:58","744","774"
Corrida,2025-11-24 08:05:13,false,"São Paulo - Forte x Fraco","9.00","500","00:51:02","150","166","179","196","5:40","4:47","109","107","0.98","0.0","--","--","--","9,168","Não","00:00:02.4","15","00:50:44","00:54:29","743","775"
Corrida,2025-11-22 07:20:40,false,"São Paulo - Longo","16.01","874","01:30:51","149","164","179","193","5:41","5:04","260","260","0.99","0.0","--","--","--","16,240","Não","00:00:02.0","17","01:30:37","01:50:23","743","775"
Corrida,2025-11-21 09:31:23,false,"São Paulo - Rodagem","8.01","449","00:45:49","150","170","176","225","5:43","5:05","126","123","0.99","0.0","--","--","--","8,086","Não","00:00:02.7","9","00:45:40","00:52:30","745","775"
Corrida,2025-11-19 06:52:09,false,"São Paulo - Rodagem","10.01","547","00:56:22","146","157","178","191","5:38","5:10","146","149","0.99","0.0","--","--","--","10,102","Não","00:00:02.3","11","00:56:15","00:58:06","743","774"
Corrida,2025-11-17 07:45:41,false,"São Paulo - Rodagem","10.02","563","00:58:44","150","164","178","192","5:52","5:22","156","156","0.96","0.0","--","--","--","10,462","Não","00:00:06.0","11","00:58:31","01:09:08","743","774"
Corrida,2025-11-15 08:03:57,false,"São Paulo Corrida","14.01","777","01:17:21","154","165","180","201","5:31","4:54","190","191","1.01","0.0","--","--","--","13,882","Não","00:00:03.1","15","01:17:03","01:27:29","743","774"
Corrida,2025-11-14 06:58:11,false,"São Paulo - Rodagem","8.00","443","00:44:39","150","166","178","193","5:35","4:58","126","125","1.01","0.0","--","--","--","7,902","Não","00:00:01.6","9","00:44:32","00:44:39","744","774"
Corrida,2025-11-12 06:51:18,false,"São Paulo - Rodagem","9.01","469","00:49:12","147","160","179","195","5:28","4:42","140","146","1.03","0.0","--","--","--","8,754","Não","00:00:02.0","10","00:49:09","00:53:06","744","774"
Corrida,2025-11-10 07:23:09,false,"São Paulo - Rodagem","9.01","498","00:51:35","147","161","180","194","5:44","5:09","145","148","0.97","0.0","--","--","--","9,274","Não","00:00:02.6","10","00:51:31","00:56:41","744","775"
Corrida,2025-11-05 17:37:46,false,"São Paulo - Longo","12.37","684","01:12:55","142","156","176","192","5:54","5:14","176","174","0.96","0.0","--","--","--","12,880","Não","00:02:06.4","13","01:12:41","01:26:51","743","774"
Corrida,2025-11-05 06:57:28,false,"São Paulo - Rodagem","9.01","488","00:51:36","145","162","177","193","5:44","1:27","124","127","0.99","0.0","--","--","--","9,140","Não","00:00:01.7","10","00:51:24","01:01:06","743","774"
Corrida,2025-11-03 07:18:19,false,"São Paulo - Rodagem","8.01","441","00:46:24","143","155","177","184","5:48","5:16","145","150","0.98","0.0","--","--","--","8,186","Não","00:00:01.7","9","00:46:12","00:48:13","746","774"
Corrida,2025-11-01 08:13:53,false,"São Paulo Corrida","7.01","376","00:40:50","142","158","177","186","5:50","5:25","125","124","0.97","0.0","--","--","--","7,218","Não","00:00:01.9","8","00:40:39","00:47:55","743","774"
Corrida em esteira,2025-10-31 11:26:18,false,"Rodagem","10.01","538","00:58:43","147","163","179","250","5:52","4:17","--","--","0.95","0.0","--","--","--","10,496","Não","00:00:02.4","11","00:58:26","01:13:43","--","--"
Corrida em esteira,2025-10-29 19:06:48,false,"Rodagem","9.01","486","00:52:34","147","163","177","190","5:50","5:03","--","--","0.97","0.0","--","--","--","9,226","Não","00:00:03.3","10","00:52:30","01:02:16","--","--"
Corrida,2025-10-27 06:38:42,false,"São Paulo - Rodagem","8.00","448","00:46:10","146","162","177","196","5:46","5:00","106","105","0.98","0.0","--","--","--","8,158","Não","00:05:29.0","8","00:46:05","00:46:10","744","774"
Corrida,2025-10-25 07:28:05,false,"São Paulo Corrida","8.01","436","00:44:54","146","158","177","190","5:36","4:54","79","81","1.01","0.0","--","--","--","7,912","Não","00:00:02.9","9","00:44:43","00:47:16","747","769"
Corrida,2025-10-24 07:27:46,false,"São Paulo - Longo","10.01","550","00:56:40","148","159","177","185","5:40","5:04","135","136","1.00","0.0","--","--","--","9,998","Não","00:00:02.4","11","00:56:28","01:08:25","743","775"
Corrida,2025-10-19 07:24:12,false,"Cancun - Benito Juárez - Rodagem","8.02","418","00:47:17","136","155","174","194","5:54","1:31","51","53","0.97","0.0","--","--","--","8,402","Não","00:00:02.6","10","00:45:36","01:37:09","2","23"
Caminhada,2025-10-18 06:54:55,false,"Benito Juárez Caminhada","3.18","175","01:18:00","72","99","42","189","24:33","9:52","151","137","0.97","0.0","--","--","--","5,088","Não","01:18:00","1","00:41:02","01:18:00","--","48"
Corrida,2025-10-17 07:03:04,false,"Cancun - Benito Juárez Corrida","6.00","327","00:40:47","132","157","172","215","6:48","4:59","43","42","0.85","0.0","--","--","--","7,140","Não","00:00:02.3","9","00:39:02","01:15:19","--","19"
Caminhada,2025-10-16 07:15:44,false,"Cancun - Benito Juárez Caminhada","4.21","253","01:50:00","72","112","31","245","26:07","5:54","85","85","1.23","0.0","--","--","--","5,918","Não","01:50:00","1","00:49:39","01:50:00","--","30"
Corrida,2025-10-12 08:17:32,false,"Chicago - Prova","42.59","2,365","03:58:26","158","172","179","226","5:36","4:30","360","359","1.00","0.0","--","--","--","42,462","Não","00:01:29.2","44","03:57:33","04:01:59","173","340"
Corrida,2025-10-11 07:53:24,false,"Chicago - Rodagem","5.26","285","00:31:58","138","160","177","194","6:05","4:27","162","167","0.93","0.0","--","--","--","5,668","Não","00:01:35.3","6","00:31:56","00:31:58","176","339"
Corrida,2025-10-09 11:25:39,false,"Chicago Corrida","7.52","397","00:43:17","140","157","175","196","5:45","5:08","10","9","0.99","0.0","--","--","--","7,622","Não","00:02:55.0","8","00:42:44","00:59:50","175","183"
Corrida,2025-10-06 07:04:28,false,"São Paulo - Rodagem","8.01","452","00:46:08","151","164","177","194","5:46","4:51","111","114","0.98","0.0","--","--","--","8,204","Não","00:00:07.1","9","00:45:59","00:47:36","747","774"
Corrida,2025-10-04 07:31:58,false,"São Paulo - Longo","16.01","909","01:31:07","156","179","176","193","5:41","4:55","255","259","1.00","0.0","--","--","--","15,970","Não","00:00:02.9","17","01:30:54","01:35:50","744","774"
Corrida,2025-10-01 06:53:16,false,"São Paulo - Rodagem","10.00","577","00:57:44","155","170","177","187","5:46","4:57","150","150","0.98","0.0","--","--","--","10,224","Não","00:00:01.1","11","00:57:35","01:02:14","744","775"
Corrida,2025-09-29 07:12:42,false,"São Paulo - Rodagem","10.00","572","00:58:56","150","167","178","196","5:53","4:37","130","130","0.96","0.0","--","--","--","10,456","Não","00:05:24.5","10","00:58:49","01:06:34","743","775"
Corrida,2025-09-27 05:15:47,false,"São Paulo - Longo","32.00","1,773","03:05:30","153","167","179","190","5:48","5:08","227","227","0.97","0.0","--","--","--","33,092","Não","00:00:01.0","33","03:04:56","03:39:00","719","749"
Corrida,2025-09-24 06:57:45,false,"São Paulo - Rodagem","10.01","547","01:01:24","145","165","172","185","6:08","5:27","147","143","0.95","0.0","--","--","--","10,620","Não","00:00:03.8","11","01:00:38","01:20:49","744","775"
Corrida em esteira,2025-09-22 12:21:32,false,"Longo Esteira","28.02","1,401","02:53:23","144","162","172","240","6:11","4:19","--","--","0.94","0.0","--","--","--","29,672","Não","00:00:12.6","29","02:51:50","03:57:22","--","--"
Corrida,2025-09-19 06:47:43,false,"São Paulo - Base","10.04","561","00:58:03","149","165","177","190","5:47","5:07","140","139","0.98","0.0","--","--","--","10,320","Não","00:00:57.4","11","00:57:49","01:18:06","744","775"
Corrida,2025-09-12 06:31:10,false,"São Paulo - Rodagem","12.00","680","01:10:24","145","156","180","190","5:52","5:16","167","168","0.95","0.0","--","--","--","12,692","Não","00:05:36.0","12","01:10:14","01:26:42","743","775"
Corrida,2025-09-06 08:05:27,false,"São Paulo Corrida","16.01","868","01:30:48","148","164","178","189","5:40","4:58","190","186","0.99","0.0","--","--","--","16,118","Não","00:00:03.7","17","01:30:17","01:55:26","743","774"
Corrida,2025-09-05 06:51:13,false,"São Paulo - Rodagem","10.01","559","00:57:19","145","165","177","188","5:44","4:56","181","185","0.98","0.0","--","--","--","10,148","Não","00:00:03.8","11","00:57:11","01:11:02","744","775"
Corrida,2025-09-03 06:53:15,false,"São Paulo - Potência","11.00","595","01:02:19","150","166","174","195","5:40","4:34","230","234","1.01","0.0","--","--","--","10,900","Não","00:00:01.3","15","01:02:09","01:06:15","744","775"
Corrida,2025-09-01 07:46:21,false,"São Paulo - Rodagem","6.00","323","00:35:24","137","155","177","198","5:54","5:20","104","110","0.96","0.0","--","--","--","6,250","Não","00:00:02.0","7","00:35:14","00:47:47","744","774"
Corrida,2025-08-31 05:34:44,false,"São Paulo - Longo","30.03","1,647","02:44:08","156","166","179","199","5:28","4:42","217","212","1.02","0.0","--","--","--","29,306","Não","00:00:08.3","31","02:43:55","02:44:08","717","745"
Corrida,2025-08-29 07:05:36,false,"São Paulo - Rodagem","8.01","451","00:49:12","138","150","172","187","6:08","5:27","109","110","0.95","0.0","--","--","--","8,430","Não","00:00:03.3","9","00:48:08","00:49:12","744","774"
Corrida,2025-08-27 06:55:08,false,"São Paulo - Base","10.01","557","00:56:35","148","165","172","195","5:39","4:29","192","195","1.03","0.0","--","--","--","9,832","Não","00:00:02.1","11","00:56:19","00:59:03","744","775"
Corrida,2025-08-25 06:42:06,false,"São Paulo - Progressivo","10.00","544","00:55:36","147","169","180","190","5:34","4:44","92","91","1.00","0.0","--","--","--","9,970","Não","00:00:01.2","11","00:55:26","01:10:41","744","775"
Corrida,2025-08-23 07:54:02,false,"São Paulo Corrida","10.73","613","01:04:49","144","155","175","186","6:02","5:25","155","156","0.95","0.0","--","--","--","11,338","Não","00:04:19.2","11","01:04:39","01:12:09","744","775"
Corrida,2025-08-22 06:32:18,false,"São Paulo - Longo","16.00","874","01:29:39","150","162","177","187","5:36","5:00","229","230","1.01","0.0","--","--","--","15,818","Não","00:00:01.4","17","01:29:07","01:40:30","744","774"
Corrida,2025-08-20 06:33:07,false,"São Paulo - Potência","12.00","662","01:09:34","149","169","165","230","5:48","4:09","208","211","1.06","0.0","--","--","--","11,860","Não","00:01:04.4","19","01:08:38","01:14:38","745","771"
Corrida,2025-08-18 07:06:38,false,"São Paulo - Forte x Fraco","12.00","660","01:07:39","149","170","178","193","5:38","4:39","222","224","0.99","0.0","--","--","--","12,016","Não","00:00:01.1","16","01:07:34","01:10:39","744","775"
Corrida,2025-08-16 06:29:01,false,"São Paulo Corrida","28.01","1,532","02:38:00","153","170","178","196","5:38","4:45","187","185","0.99","0.0","--","--","--","28,148","Não","00:00:04.2","29","02:37:18","03:34:34","717","749"
Corrida,2025-08-15 06:40:11,false,"São Paulo - Rodagem","12.01","659","01:06:56","151","166","176","194","5:34","5:06","104","106","1.02","0.0","--","--","--","11,772","Não","00:00:02.4","13","01:06:43","01:18:52","744","775"
Corrida,2025-08-13 07:36:52,false,"São Paulo - Recuperação","4.01","218","00:22:38","154","173","179","188","5:39","5:17","66","69","0.99","0.0","--","--","--","4,024","Não","00:00:03.6","5","00:22:32","00:22:38","747","775"
Corrida,2025-08-13 07:10:52,false,"São Paulo Corrida","3.01","147","00:14:14","160","173","189","207","4:44","4:18","19","28","1.12","0.0","--","--","--","2,408","Não","00:00:01.8","4","00:14:09","00:14:14","747","775"
Corrida,2025-08-13 06:45:29,false,"São Paulo - Potência","3.00","147","00:16:17","143","157","180","195","5:26","4:34","33","35","1.02","0.0","--","--","--","2,864","Não","00:00:00.6","4","00:16:07","00:18:58","747","774"
Corrida,2025-08-12 06:37:26,false,"São Paulo - Forte x Fraco","12.00","631","01:07:23","150","172","181","194","5:37","4:50","160","160","0.98","0.0","--","--","--","12,184","Não","00:00:02.0","16","01:07:05","01:13:32","744","775"
Corrida,2025-08-09 07:28:25,false,"São Paulo - Base","10.02","734","00:57:25","143","159","178","191","5:44","5:07","157","155","0.98","0.0","--","--","--","10,230","Não","00:00:10.6","11","00:57:18","01:05:05","747","774"
Corrida,2025-08-08 06:23:59,false,"São Paulo - Rodagem","24.01","1,281","02:15:18","152","167","176","196","5:38","4:50","318","319","1.01","0.0","--","--","--","23,780","Não","00:00:02.5","25","02:15:04","02:32:42","744","775"
Corrida,2025-08-02 07:30:01,false,"São Paulo Corrida","10.01","528","00:55:15","149","162","179","192","5:31","4:52","128","131","1.01","0.0","--","--","--","9,862","Não","00:00:02.4","11","00:55:08","01:02:22","743","774"
Corrida,2025-08-01 06:53:30,false,"São Paulo - Rodagem","7.01","378","00:39:34","147","165","177","189","5:39","5:11","84","86","1.00","0.0","--","--","--","7,030","Não","00:00:01.9","8","00:39:26","00:43:01","744","774"
Corrida,2025-07-30 07:15:42,false,"São Paulo - Rodagem","8.01","430","00:47:20","141","157","176","189","5:55","4:57","125","128","0.95","0.0","--","--","--","8,406","Não","00:00:03.1","9","00:47:17","00:47:20","743","774"
Corrida,2025-07-27 05:40:26,false,"São Paulo - SP City 2025","21.59","1,178","01:56:29","160","179","181","200","5:24","4:21","291","321","1.02","0.0","--","--","--","21,024","Não","00:01:03.9","23","01:56:20","01:56:29","722","821"
Corrida,2025-07-26 07:53:21,false,"São Paulo - Rodagem (Nike)","5.99","336","00:37:00","141","160","172","187","6:11","5:35","68","68","0.93","0.0","--","--","--","6,466","Não","00:05:55.8","6","00:36:58","00:37:13","747","765"
Corrida,2025-07-23 06:29:29,false,"São Paulo - Rodagem","7.01","372","00:40:17","141","151","177","188","5:45","4:58","137","137","0.98","0.0","--","--","--","7,100","Não","00:00:02.0","8","00:40:14","00:40:17","745","775"
Corrida,2025-07-21 07:11:55,false,"São Paulo - Tempo Run","8.01","431","00:45:29","151","168","178","192","5:41","4:45","124","128","0.99","0.0","--","--","--","8,060","Não","00:00:01.8","9","00:45:27","00:45:29","744","769"
Corrida,2025-07-19 08:03:04,false,"São Paulo - Longo","12.00","643","01:08:23","149","163","178","189","5:42","5:03","189","191","0.98","0.0","--","--","--","12,182","Não","00:00:02.8","13","01:08:13","01:12:52","744","774"
Corrida,2025-07-18 06:54:10,false,"São Paulo - Rodagem","10.00","526","00:57:44","145","159","176","185","5:46","5:11","104","103","0.99","0.0","--","--","--","10,144","Não","00:00:01.9","11","00:57:41","01:00:01","747","775"
Corrida,2025-07-16 06:57:23,false,"São Paulo - Potência","10.01","534","01:01:12","141","165","157","221","6:07","3:50","194","197","1.06","0.0","--","--","--","9,626","Não","00:00:03.5","29","00:59:46","01:03:25","743","775"
Corrida,2025-07-14 07:34:01,false,"São Paulo - Tempo Run","10.00","523","00:56:37","146","167","181","191","5:40","4:59","172","173","0.97","0.0","--","--","--","10,172","Não","00:00:02.0","11","00:56:34","01:00:42","744","774"
Corrida,2025-07-12 07:06:28,false,"São Paulo - Longo","22.00","1,121","02:04:14","144","160","181","197","5:39","4:58","185","181","0.98","0.0","--","--","--","22,378","Não","00:00:01.6","23","02:04:04","02:19:13","719","749"
Corrida,2025-07-11 06:21:25,false,"São Paulo - Rodagem","12.00","639","01:08:42","146","158","174","192","5:43","5:00","142","140","1.00","0.0","--","--","--","11,964","Não","00:00:01.1","13","01:08:34","01:16:28","743","775"
Corrida,2025-07-09 06:50:06,false,"São Paulo - Potência","11.01","581","01:03:35","146","169","169","196","5:47","4:25","176","176","1.03","0.0","--","--","--","11,022","Não","00:00:03.7","18","01:02:31","01:06:36","743","775"
Corrida,2025-07-07 06:11:18,false,"São Paulo - Forte x Fraco","12.00","634","01:07:59","148","166","180","203","5:40","4:45","229","227","0.98","0.0","--","--","--","12,152","Não","00:02:48.3","15","01:07:49","01:14:48","744","775"
Corrida,2025-07-05 06:36:45,false,"São Paulo - Longo","18.01","961","01:42:12","149","188","175","196","5:41","4:51","157","185","1.00","0.0","--","--","--","17,980","Não","00:00:00.9","19","01:41:38","02:11:12","719","768"
Corrida,2025-07-04 06:57:56,false,"São Paulo - Rodagem","12.01","626","01:09:17","143","156","178","192","5:46","5:09","194","197","0.97","0.0","--","--","--","12,320","Não","00:00:02.4","13","01:09:02","01:18:55","744","774"
Caminhada,2025-07-02 11:40:32,false,"Porto Seguro Caminhada","6.98","430","02:50:58","78","99","42","157","24:31","11:36","83","83","0.98","0.0","--","--","--","11,790","Não","02:50:58","1","01:44:39","02:50:58","-1","13"
Corrida,2025-07-02 07:24:42,false,"Porto Seguro - Potência","10.01","545","01:00:07","147","171","173","200","6:00","4:24","79","80","0.97","0.0","--","--","--","9,916","Não","00:00:03.7","16","00:59:42","01:07:13","4","26"
Caminhada,2025-06-30 10:47:54,false,"Porto Seguro Caminhada","9.34","503","03:31:16","70","93","52","230","22:37","5:36","243","243","0.86","0.0","--","--","--","14,590","Não","03:31:16","1","02:02:24","08:38:22","-1","139"
Caminhada,2025-06-29 10:22:52,false,"Porto Seguro Caminhada","5.73","385","02:50:26","74","99","34","200","29:46","10:34","77","77","0.98","0.0","--","--","--","9,466","Não","02:50:26","1","01:21:31","02:50:26","--","14"
Caminhada,2025-06-28 11:14:37,false,"Porto Seguro Caminhada","3.90","223","01:27:18","75","90","52","164","22:24","10:27","47","40","0.87","0.0","--","--","--","6,414","Não","01:27:18","1","00:54:06","01:27:18","--","14"
Corrida,2025-06-28 07:09:14,false,"Porto Seguro - Longo","16.01","856","01:36:27","146","160","180","192","6:02","5:08","39","39","0.92","0.0","--","--","--","17,444","Não","00:00:01.9","17","01:35:26","01:52:39","0","21"
Caminhada,2025-06-27 13:57:15,false,"Porto Seguro Caminhada","5.59","295","01:44:26","74","94","71","222","18:41","11:23","63","60","0.76","0.0","--","--","--","9,306","Não","01:44:26","1","01:22:15","01:44:26","-0","17"
Caminhada,2025-06-27 11:15:08,false,"Porto Seguro Caminhada","5.18","304","01:45:29","81","113","53","159","20:22","10:20","69","144","0.93","0.0","--","--","--","8,434","Não","01:45:29","1","01:13:43","01:45:29","-2","87"
Corrida,2025-06-27 07:25:19,false,"Porto Seguro - Rodagem","10.00","531","00:58:13","147","163","179","188","5:49","4:52","43","44","0.96","0.0","--","--","--","10,444","Não","00:05:28.6","10","00:57:49","01:05:02","1","18"
Caminhada,2025-06-25 11:19:28,false,"Porto Seguro Caminhada","5.72","325","02:02:55","80","105","40","151","21:30","12:24","56","61","1.21","0.0","--","--","--","9,530","Não","00:00:05.0","3","01:34:53","02:02:55","-1","16"
Corrida,2025-06-25 07:18:34,false,"Porto Seguro - Potência","10.01","536","01:00:48","148","167","168","194","6:05","4:50","58","59","0.99","0.0","--","--","--","10,372","Não","00:00:02.3","16","01:00:06","01:10:06","--","14"
Corrida,2025-06-23 07:15:08,false,"Porto Seguro - Forte x Fraco","10.00","536","00:57:57","149","165","180","194","5:48","4:55","29","32","0.96","0.0","--","--","--","10,456","Não","00:02:53.3","12","00:57:35","01:08:25","--","17"
Corrida,2025-06-21 07:37:31,false,"São Paulo - Longo","12.00","625","01:07:05","146","160","179","190","5:35","4:57","190","191","1.00","0.0","--","--","--","11,974","Não","00:00:01.0","13","01:07:00","01:26:20","743","775"
Corrida,2025-06-20 07:14:38,false,"São Paulo - Rodagem","7.00","376","00:40:58","144","157","173","192","5:51","5:26","64","63","0.99","0.0","--","--","--","7,076","Não","00:00:02.0","8","00:40:46","00:45:12","744","774"
Corrida,2025-06-18 06:43:11,false,"São Paulo - Potência","9.00","467","00:52:06","142","161","169","190","5:47","4:35","118","119","1.03","0.0","--","--","--","8,910","Não","00:00:01.1","14","00:51:55","00:52:06","743","775"
Corrida,2025-06-16 06:39:09,false,"São Paulo - Forte x Fraco","5.01","267","00:33:03","133","150","159","191","6:36","5:25","71","71","0.95","0.0","--","--","--","5,488","Não","00:03:26.4","6","00:32:50","00:37:47","744","775"
Corrida,2025-06-14 16:01:05,false,"São Paulo Corrida","8.17","432","00:43:00","161","173","182","239","5:16","4:42","56","54","1.05","0.0","--","--","--","7,450","Não","00:00:47.8","9","00:42:59","00:43:00","715","736"
Corrida,2025-06-13 06:38:32,false,"São Paulo - Rodagem","18.04","975","01:42:03","159","179","180","219","5:39","4:58","310","310","0.98","0.0","--","--","--","18,348","Não","00:00:12.7","19","01:41:46","01:52:58","743","775"
Corrida,2025-06-11 06:50:48,false,"São Paulo - Potência","7.56","405","00:44:04","145","163","172","222","5:50","4:13","172","160","1.01","0.0","--","--","--","7,560","Não","00:00:25.6","14","00:43:59","00:56:54","744","775"
Corrida,2025-06-09 06:42:16,false,"São Paulo - Forte x Fraco","10.01","527","00:57:53","149","168","178","192","5:47","4:55","177","177","0.97","0.0","--","--","--","10,302","Não","00:00:01.7","18","00:57:32","01:02:22","743","775"
Corrida,2025-06-07 07:12:01,false,"São Paulo - Longo","16.01","839","01:30:44","150","168","180","196","5:40","5:00","127","125","0.98","0.0","--","--","--","16,330","Não","00:00:02.2","17","01:30:30","01:44:33","719","745"
Corrida,2025-06-06 06:44:25,false,"São Paulo - Rodagem","10.00","542","00:56:25","153","164","180","192","5:38","5:05","139","139","0.98","0.0","--","--","--","10,146","Não","00:00:02.5","11","00:56:15","00:59:52","743","775"
Corrida,2025-06-04 06:42:39,false,"São Paulo - Potência","10.00","513","00:58:31","144","176","168","197","5:51","4:25","152","161","1.02","0.0","--","--","--","10,028","Não","00:00:02.5","18","00:57:47","01:01:05","744","774"
Corrida,2025-06-02 06:44:22,false,"São Paulo - Forte x Fraco","10.01","528","00:56:00","152","171","179","192","5:36","4:45","112","118","1.00","0.0","--","--","--","10,002","Não","00:00:03.6","18","00:55:50","00:59:22","747","775"
Corrida,2025-05-31 07:22:19,false,"São Paulo - Longo","14.01","724","01:18:42","147","159","179","193","5:37","4:39","209","212","0.99","0.0","--","--","--","14,058","Não","00:00:02.5","15","01:18:29","01:26:19","743","775"
Corrida,2025-05-30 06:49:15,false,"São Paulo - Rodagem","8.00","433","00:45:19","146","165","178","193","5:40","5:05","107","108","0.99","0.0","--","--","--","8,024","Não","00:00:02.5","9","00:45:08","00:48:48","744","774"
Corrida,2025-05-28 06:37:33,false,"São Paulo - Potência","9.00","479","00:53:14","149","172","163","195","5:55","4:40","103","104","1.07","0.0","--","--","--","8,910","Não","00:00:03.0","17","00:52:14","00:57:26","743","767"
Corrida,2025-05-26 06:53:16,false,"São Paulo - Forte x Fraco","9.02","455","00:50:31","146","162","179","197","5:36","4:40","89","97","1.00","0.0","--","--","--","8,978","Não","00:00:19.9","17","00:49:54","00:59:59","744","774"
Corrida,2025-05-24 07:36:58,false,"São Paulo - Longo","12.01","631","01:08:25","151","171","180","196","5:42","4:50","176","177","0.98","0.0","--","--","--","12,318","Não","00:00:02.7","13","01:08:17","01:16:25","743","775"
Corrida,2025-05-23 07:19:15,false,"São Paulo - Rodagem","6.00","313","00:34:17","145","158","179","192","5:43","5:15","84","85","0.98","0.0","--","--","--","6,136","Não","00:00:02.3","7","00:34:13","00:35:11","744","775"
Corrida,2025-05-21 07:15:19,false,"São Paulo - Rodagem","7.00","384","00:41:08","149","160","178","192","5:52","5:14","97","95","0.96","0.0","--","--","--","7,276","Não","00:00:01.4","8","00:41:06","00:41:08","744","774"
Corrida,2025-05-19 06:56:43,false,"São Paulo - Base","10.00","526","00:51:32","162","184","183","234","5:09","4:39","165","169","1.06","0.0","--","--","--","9,210","Não","00:00:01.1","11","00:51:30","00:51:32","744","775"
Corrida,2025-05-16 07:13:07,false,"São Paulo - Rodagem","5.00","262","00:28:39","146","158","178","186","5:44","5:14","79","78","0.98","0.0","--","--","--","5,080","Não","00:00:01.8","6","00:28:32","00:28:48","745","775"
Corrida,2025-05-14 06:30:26,false,"São Paulo - Rodagem","7.01","371","00:40:43","146","161","178","194","5:49","4:38","74","75","0.97","0.0","--","--","--","7,212","Não","00:00:02.0","8","00:40:43","00:40:43","745","775"
Corrida,2025-05-12 06:36:50,false,"São Paulo - Tempo Run","8.01","427","00:45:00","152","173","178","193","5:37","4:35","72","70","1.00","0.0","--","--","--","7,914","Não","00:00:02.6","9","00:44:51","00:47:47","743","775"
Corrida,2025-05-10 07:05:02,false,"São Paulo Corrida","18.01","963","01:42:06","154","166","180","198","5:40","4:51","315","316","0.98","0.0","--","--","--","18,304","Não","00:00:02.6","19","01:41:43","01:54:07","744","775"
Corrida,2025-05-09 06:34:20,false,"São Paulo - Rodagem","10.00","534","00:57:23","150","163","180","189","5:44","4:59","148","154","0.97","0.0","--","--","--","10,300","Não","00:00:01.4","11","00:57:20","01:05:36","744","774"
Corrida,2025-05-07 06:27:25,false,"São Paulo - Potência","10.00","522","00:57:57","147","179","168","199","5:48","4:10","147","146","1.03","0.0","--","--","--","9,888","Não","00:00:02.1","18","00:57:50","01:02:36","744","767"
Corrida,2025-05-05 06:24:12,false,"São Paulo - Forte x Fraco","10.01","542","00:57:44","147","162","178","198","5:46","4:44","117","120","0.97","0.0","--","--","--","10,262","Não","00:00:02.6","17","00:57:29","01:00:46","744","774"
Corrida,2025-05-03 06:59:43,false,"São Paulo - Longo","16.01","834","01:31:34","142","169","178","194","5:43","4:55","103","103","0.98","0.0","--","--","--","16,300","Não","00:00:01.6","17","01:31:08","01:54:09","719","738"
Corrida,2025-05-02 06:43:35,false,"São Paulo - Rodagem","8.01","426","00:46:43","145","155","176","195","5:50","5:12","78","82","0.97","0.0","--","--","--","8,198","Não","00:00:04.7","9","00:46:38","00:46:43","747","774"
Corrida,2025-04-30 06:29:59,false,"São Paulo - Potência","10.01","528","00:58:17","149","168","169","201","5:49","4:00","148","150","1.01","0.0","--","--","--","9,284","Não","00:00:05.0","18","00:58:01","01:00:15","747","775"
Corrida,2025-04-28 06:27:50,false,"São Paulo - Forte x Fraco","10.01","519","00:57:09","147","166","177","213","5:43","4:34","133","134","0.99","0.0","--","--","--","10,082","Não","00:00:03.0","17","00:56:46","01:05:31","743","775"
Corrida,2025-04-26 07:49:12,false,"São Paulo - Rodagem","8.01","412","00:46:26","142","169","180","192","5:48","5:09","91","90","0.96","0.0","--","--","--","8,346","Não","00:00:03.3","9","00:46:10","00:53:37","743","775"
Corrida,2025-04-25 06:23:48,false,"São Paulo - Longo","14.01","746","01:18:42","155","168","176","207","5:37","5:04","210","205","1.01","0.0","--","--","--","13,844","Não","00:00:03.3","15","01:18:05","01:27:39","744","775"
Corrida,2025-04-23 06:48:00,false,"São Paulo - Potência","9.01","476","00:53:52","142","165","163","192","5:59","4:20","110","109","1.03","0.0","--","--","--","8,772","Não","00:00:03.2","17","00:53:02","00:57:04","744","779"
Corrida,2025-04-21 07:53:56,false,"São Paulo - Forte x Fraco","9.00","455","00:51:15","146","172","178","194","5:41","4:47","166","171","0.99","0.0","--","--","--","9,098","Não","00:00:01.6","15","00:50:53","00:58:34","743","774"
Corrida,2025-04-19 07:02:10,false,"São Paulo - Rodagem","8.01","431","00:46:09","152","177","178","184","5:46","5:17","143","147","0.98","0.0","--","--","--","8,178","Não","00:00:02.3","9","00:46:01","00:47:27","743","774"
Corrida,2025-04-18 07:13:06,false,"São Paulo - Longo","10.01","512","00:56:49","145","165","177","189","5:41","4:57","126","130","0.99","0.0","--","--","--","10,088","Não","00:00:03.1","11","00:56:28","01:20:56","743","775"
Corrida,2025-04-16 06:34:27,false,"São Paulo - Potência","8.01","422","00:47:47","145","171","167","196","5:58","4:44","148","147","1.00","0.0","--","--","--","8,000","Não","00:00:02.6","15","00:47:25","00:47:47","743","775"
Corrida,2025-04-14 06:31:42,false,"São Paulo - Forte x Fraco","8.00","424","00:46:24","145","175","179","194","5:48","4:43","117","116","0.96","0.0","--","--","--","8,252","Não","00:00:02.8","14","00:45:59","00:49:03","744","775"
Corrida,2025-04-12 08:00:56,false,"São Paulo - Rodagem","10.01","535","00:58:36","149","164","178","190","5:51","4:56","190","193","0.96","0.0","--","--","--","10,402","Não","00:00:01.6","11","00:58:28","00:59:27","744","775"
Corrida,2025-04-11 06:10:52,false,"São Paulo - Longo","16.01","864","01:34:31","150","178","174","194","5:54","5:07","292","292","0.97","0.0","--","--","--","16,412","Não","00:00:02.2","17","01:34:12","01:46:54","744","775"
Corrida,2025-04-09 06:57:58,false,"São Paulo - Corrida x Caminhada","10.00","510","01:04:04","138","164","153","197","6:24","4:29","169","168","1.05","0.0","--","--","--","9,914","Não","00:00:01.2","29","01:03:14","01:10:07","743","770"
Corrida,2025-04-07 06:39:39,false,"São Paulo - Rodagem","10.01","542","00:59:02","151","170","178","196","5:54","5:09","135","135","0.95","0.0","--","--","--","10,508","Não","00:00:03.7","11","00:58:54","01:01:31","743","775"
Corrida,2025-04-05 07:39:31,false,"São Paulo - Rodagem","8.00","417","00:47:14","142","160","177","191","5:54","1:01","112","109","0.96","0.0","--","--","--","8,322","Não","00:05:44.8","8","00:47:05","01:03:02","743","774"
Corrida,2025-04-04 06:32:07,false,"São Paulo - Longo","14.02","754","01:21:53","150","169","174","190","5:50","4:27","158","158","0.99","0.0","--","--","--","14,312","Não","00:00:17.6","15","01:21:46","01:35:30","743","774"
Corrida,2025-04-02 06:38:30,false,"São Paulo - Corrida x Caminhada","9.00","486","00:56:42","146","169","153","213","6:18","4:16","104","101","1.06","0.0","--","--","--","9,028","Não","00:00:02.1","25","00:56:06","00:58:40","743","774"
Corrida,2025-03-31 06:31:41,false,"São Paulo - Rodagem","10.01","543","00:59:54","148","160","176","193","5:59","5:29","142","149","0.95","0.0","--","--","--","10,534","Não","00:00:01.6","11","00:59:47","01:04:32","743","775"
Corrida,2025-03-29 07:49:03,false,"São Paulo - Rodagem","7.01","381","00:41:35","147","163","177","187","5:56","5:24","107","112","0.95","0.0","--","--","--","7,368","Não","00:00:01.6","8","00:41:33","00:41:35","743","774"
Corrida,2025-03-28 06:17:06,false,"São Paulo - Longo","12.01","647","01:09:45","151","168","176","190","5:49","5:12","155","156","0.98","0.0","--","--","--","12,236","Não","00:00:03.2","13","01:09:40","01:17:22","743","775"
Corrida,2025-03-26 06:38:52,false,"São Paulo - Corrida x Caminhada","8.00","413","00:49:04","140","165","158","202","6:08","4:18","148","156","1.05","0.0","--","--","--","7,892","Não","00:00:01.5","24","00:48:51","00:49:04","741","775"
Corrida,2025-03-24 06:40:42,false,"São Paulo Corrida","8.01","437","00:48:18","148","163","175","190","6:02","5:16","161","161","0.95","0.0","--","--","--","8,424","Não","00:00:21.4","9","00:47:53","00:57:19","740","775"
Corrida,2025-03-22 06:44:15,false,"São Paulo - Rodagem","6.00","322","00:35:12","147","165","177","193","5:52","5:03","55","51","0.96","0.0","--","--","--","6,252","Não","00:00:02.2","7","00:35:05","00:36:45","720","751"
Corrida,2025-03-21 06:41:19,false,"São Paulo - Longo","12.00","637","01:09:35","149","166","173","188","5:48","5:09","142","143","1.00","0.0","--","--","--","12,036","Não","00:00:02.2","13","01:09:30","01:17:30","744","774"
Corrida,2025-03-19 06:47:59,false,"São Paulo - Corrida x Caminhada","8.00","413","00:50:09","141","167","155","225","6:16","4:09","53","54","1.03","0.0","--","--","--","7,780","Não","00:00:04.1","24","00:49:09","00:51:39","747","775"
Caminhada,2025-03-17 07:57:02,false,"São Paulo Caminhada","2.53","132","00:42:25","86","103","53","220","16:47","6:11","47","63","1.13","0.0","--","--","--","2,872","Não","00:42:25","1","00:21:44","00:42:33","736","758"
Corrida,2025-03-17 06:40:30,false,"São Paulo - Rodagem","8.00","429","00:47:55","146","157","176","188","5:59","5:24","82","83","0.95","0.0","--","--","--","8,458","Não","00:00:00.7","9","00:47:46","00:48:55","744","774"
Corrida,2025-03-14 06:25:09,false,"São Paulo - Longo","10.30","571","01:01:28","151","163","174","189","5:58","5:14","114","115","0.96","0.0","--","--","--","10,698","Não","00:01:42.2","11","01:01:15","01:06:59","744","774"
Corrida,2025-03-12 06:57:42,false,"São Paulo - Corrida x Caminhada","8.01","421","00:50:36","141","165","160","198","6:19","4:31","97","96","0.98","0.0","--","--","--","8,202","Não","00:00:01.9","24","00:50:16","00:53:18","743","775"
Corrida,2025-03-10 06:39:42,false,"São Paulo - Corrida x Caminhada","8.01","430","00:47:39","144","164","175","189","5:57","5:09","97","97","0.96","0.0","--","--","--","8,330","Não","00:00:03.2","10","00:46:39","00:48:14","744","774"
Corrida,2025-03-08 06:20:47,false,"São Bernardo do Campo - Longo","8.01","428","00:46:35","149","168","178","189","5:49","5:09","83","83","0.97","0.0","--","--","--","8,300","Não","00:00:08.9","9","00:46:12","00:48:40","732","769"
Corrida,2025-03-07 06:21:34,false,"São Paulo - Rodagem","5.00","265","00:29:41","144","166","175","216","5:56","5:28","66","67","0.96","0.0","--","--","--","5,198","Não","00:00:01.4","6","00:29:34","00:33:56","744","774"
Corrida,2025-03-05 20:05:35,false,"São Paulo - Corrida x Caminhada","7.01","375","00:46:44","141","168","151","247","6:40","4:25","124","127","1.02","0.0","--","--","--","7,136","Não","00:00:02.5","20","00:46:14","00:52:18","746","775"
Caminhada,2025-03-03 07:50:52,false,"Poços de Caldas Caminhada","1.44","115","00:30:37","98","133","36","141","21:20","6:27","14","2","1.30","0.0","--","--","--","1,696","Não","00:30:37","1","00:10:57","00:30:37","1,179","1,202"
Corrida,2025-03-03 07:02:14,false,"Poços de Caldas - Corrida x Caminhada","7.00","371","00:41:36","148","164","175","246","5:57","4:48","12","19","0.96","0.0","--","--","--","7,316","Não","00:00:00.7","10","00:41:13","00:47:40","1,183","1,192"
Corrida em esteira,2025-03-01 07:35:00,false,"Esteira","6.00","329","00:37:11","--","--","--","--","6:12","--","--","--","--","0.0","--","--","--","--","Não","00:37:11","1","--:--:--","00:37:11","--","--"
Corrida,2025-02-28 06:16:57,false,"São Paulo - Corrida x Caminhada","11.01","592","01:08:18","145","162","168","184","6:12","5:07","214","215","0.95","0.0","--","--","--","11,560","Não","00:00:01.7","15","01:08:10","01:11:37","743","774"
Corrida,2025-02-26 06:45:36,false,"São Paulo - Corrida x Caminhada","8.10","432","00:46:46","155","170","173","192","5:47","5:04","95","96","1.00","0.0","--","--","--","8,186","Não","00:00:34.9","12","00:46:33","00:53:01","747","766"
Corrida,2025-02-24 06:43:37,false,"São Paulo - Corrida x Caminhada","8.00","426","00:47:29","151","166","174","217","5:56","5:12","103","103","0.97","0.0","--","--","--","8,320","Não","00:01:02.8","11","00:47:12","00:51:41","747","775"
Esportes aquáticos,2025-02-23 10:35:30,false,"StandUp Águas de Santa Bárbara ","1.20","155","00:30:46","112","137","3","153","2.3","5.1","20","20","14.97","0.0","--","--","--","194","Não","00:30:46","1","00:21:51","00:30:51","584","595"
Corrida,2025-02-23 07:28:52,false,"Águas de Santa Bárbara Corrida","5.02","263","00:29:20","145","163","180","192","5:51","5:05","24","23","0.95","0.0","--","--","--","5,290","Não","00:00:09.3","6","00:29:06","00:31:04","645","669"
Corrida,2025-02-21 06:34:56,false,"São Paulo - Corrida x Caminhada","11.24","613","01:08:37","150","172","170","190","6:06","5:21","136","136","0.97","0.0","--","--","--","11,840","Não","00:01:41.8","15","01:08:20","01:15:58","743","774"
Caminhada,2025-02-17 08:11:03,false,"São Paulo Caminhada","2.94","161","00:34:20","110","126","102","249","11:41","6:02","18","37","0.84","0.0","--","--","--","3,838","Não","00:34:20","1","00:31:32","00:34:20","735","760"
Corrida,2025-02-17 06:41:43,false,"São Paulo - Corrida x Caminhada","9.01","483","00:54:52","149","169","170","192","6:05","5:04","139","140","0.97","0.0","--","--","--","9,426","Não","00:00:04.7","16","00:54:43","01:06:08","744","775"
Corrida,2025-02-15 07:17:35,false,"São Paulo Corrida","4.02","215","00:25:01","140","162","174","188","6:14","5:11","42","46","0.92","0.0","--","--","--","4,370","Não","00:00:04.9","5","00:24:33","00:26:04","747","766"
Corrida,2025-02-14 06:29:23,false,"São Paulo - Corrida x Caminhada","9.40","504","00:56:44","150","168","169","188","6:02","4:54","101","99","0.98","0.0","--","--","--","9,706","Não","00:00:01.9","13","00:56:24","01:05:51","744","774"
Corrida,2025-02-12 20:00:19,false,"São Paulo - Corrida x Caminhada","8.50","454","00:52:00","148","170","169","238","6:07","5:05","183","180","0.96","0.0","--","--","--","8,902","Não","00:00:03.5","13","00:51:32","00:58:43","747","775"
Corrida,2025-02-10 06:52:19,false,"São Paulo - Corrida x Caminhada","8.30","447","00:51:29","150","169","166","248","6:12","5:05","111","112","0.98","0.0","--","--","--","8,624","Não","00:00:58.6","15","00:51:11","00:57:27","744","774"
Corrida,2025-02-08 07:03:09,false,"São Paulo - Corrida x Caminhada","8.51","461","00:52:06","153","176","169","194","6:07","5:09","107","113","0.97","0.0","--","--","--","8,922","Não","00:00:03.7","13","00:51:52","00:59:00","744","775"
Corrida,2025-02-07 06:56:27,false,"São Paulo - Rodagem","4.00","220","00:23:59","149","160","175","192","5:59","5:15","55","54","0.96","0.0","--","--","--","4,184","Não","00:00:03.1","5","00:23:54","00:23:59","747","766"
Corrida,2025-02-03 06:37:36,false,"São Paulo - Corrida x Caminhada","8.00","435","00:50:13","146","173","162","192","6:16","4:52","132","131","0.98","0.0","--","--","--","8,318","Não","00:00:02.6","15","00:49:44","00:52:52","744","774"
Corrida,2025-02-02 07:22:36,false,"Guarujá - Corrida x Caminhada","7.50","414","00:52:30","142","179","157","244","7:00","5:36","144","149","0.91","0.0","--","--","--","8,426","Não","00:00:57.5","16","00:51:11","00:52:47","3","36"
Corrida,2025-02-01 07:34:18,false,"Guarujá - Corrida x Caminhada","6.50","340","00:47:32","135","159","144","249","7:19","5:08","135","131","0.96","0.0","--","--","--","7,260","Não","00:00:01.8","27","00:46:56","00:50:36","4","36"
Corrida,2025-01-27 06:52:02,false,"São Paulo - Corrida x Caminhada","6.21","339","00:44:25","133","158","147","233","7:09","5:24","139","140","0.95","0.0","--","--","--","6,874","Não","00:00:07.2","19","00:43:59","00:55:20","743","774"
Corrida,2025-01-25 07:58:52,false,"São Paulo - Corrida x Caminhada","6.50","362","00:48:25","136","165","136","241","7:27","5:08","142","135","1.01","0.0","--","--","--","7,234","Não","00:00:02.3","15","00:47:18","00:49:31","747","774"
Corrida,2025-01-24 06:52:37,false,"São Paulo - Corrida x Caminhada","5.80","304","00:41:52","130","165","141","244","7:13","4:50","109","108","0.99","0.0","--","--","--","6,244","Não","00:00:56.9","23","00:41:07","00:44:52","744","775"
Corrida,2025-01-20 06:38:20,false,"São Paulo - Corrida x Caminhada","5.60","306","00:40:07","136","164","145","247","7:10","5:04","107","107","0.96","0.0","--","--","--","6,102","Não","00:00:55.1","17","00:39:44","00:40:07","744","774"
Corrida,2025-01-18 18:43:18,false,"São Paulo - Corrida x Caminhada","5.01","253","00:42:15","118","160","133","248","8:26","5:29","81","86","0.89","0.0","--","--","--","5,846","Não","00:01:03.9","19","00:41:20","00:42:45","747","766"
Ciclismo,2025-01-11 08:05:57,false,"Guarujá Ciclismo","13.96","324","01:05:11","113","148","--","--","12.8","21.2","212","211","--","0.0","--","--","--","--","Não","00:18:00","3","01:03:32","01:10:49","4","36"
Ciclismo,2025-01-10 08:35:02,false,"Guarujá Ciclismo","8.74","266","00:57:04","110","139","--","--","9.2","20.1","21","20","--","0.0","--","--","--","--","Não","00:25:13","2","00:51:18","00:57:04","--","21"
Ciclismo,2025-01-08 08:47:30,false,"Guarujá Ciclismo","10.00","296","01:20:52","100","136","--","--","7.4","18.2","55","55","--","0.0","--","--","--","--","Não","00:36:46","2","01:03:51","01:27:50","2","23"
Natação em piscina,2025-01-03 19:46:47,false,"Natação em piscina","500","48","00:22:25","103","116","--","--","4:08","1:57","--","--","--","0.0","405","82","20","--","Não","00:00:00","18","00:20:42","00:23:27","--","--"
Natação em piscina,2025-01-03 19:34:33,false,"Natação em piscina","250","17","00:10:12","92","115","--","--","4:04","0:58","--","--","--","0.0","247","86","24","--","Não","00:03:55.7","2","00:10:12","00:11:32","--","--"
Natação em piscina,2024-12-31 08:53:17,false,"Natação em piscina","1,225","127","00:46:11","103","122","--","--","3:38","1:17","--","--","--","0.0","958","74","22","--","Não","00:00:02.6","18","00:44:29","00:47:24","--","--"
Natação em piscina,2024-12-09 18:11:52,false,"Natação em piscina","1,125","71","00:47:29","114","143","--","--","3:58","1:28","--","--","--","0.0","1128","84","25","--","Não","00:00:01.3","34","00:44:30","00:51:29","--","--"
Natação em piscina,2024-12-06 17:39:06,false,"Natação em piscina","1,125","75","00:49:02","104","128","--","--","4:08","0:29","--","--","--","0.0","965","83","21","--","Não","00:00:01.9","29","00:46:23","00:54:54","--","--"
Natação em piscina,2024-12-02 09:41:05,false,"Natação em piscina","1,275","91","00:51:08","116","152","--","--","3:49","1:57","--","--","--","0.0","1084","78","22","--","Não","00:00:01.4","26","00:48:36","00:56:09","--","--"
Natação em piscina,2024-11-29 09:32:20,false,"Natação em piscina","1,350","123","00:49:17","115","147","--","--","3:21","0:50","--","--","--","0.0","918","67","20","--","Não","00:00:01.7","33","00:45:14","01:05:20","--","--"
Outros,2024-11-28 12:26:48,false,"São Paulo Outros","0.34","82","00:44:37","73","92","10","160","0.5","15.5","15","10","0.75","0.0","--","--","--","584","Não","00:44:37","1","00:03:40","00:44:38","820","834"
Cardiovascular,2024-11-28 11:30:27,false,"Cardio","0.00","152","00:50:29","89","114","--","--","--","--","--","--","--","0.0","--","--","--","--","Não","00:50:29","1","00:00:00","00:50:29","--","--"
Natação em piscina,2024-11-25 19:42:59,false,"Natação em piscina","1,150","173","00:33:30","125","151","--","--","2:36","0:52","--","--","--","0.0","566","51","19","--","Não","00:00:02.8","27","00:29:52","00:40:31","--","--"
Natação em piscina,2024-11-25 19:15:41,false,"Natação em piscina","725","96","00:21:06","116","138","--","--","2:45","0:59","--","--","--","0.0","384","54","19","--","Não","00:00:09.1","11","00:19:56","00:26:53","--","--"
Ioga,2024-11-19 12:20:00,false,"DeRose","0.00","87","00:40:00","--","--","--","--","--","--","--","--","--","0.0","--","--","--","--","Não","00:40:00","1","--:--:--","00:40:00","--","--"
Cardiovascular,2024-11-19 10:58:30,false,"Cardio","0.00","120","00:54:05","78","109","--","--","--","--","--","--","--","0.0","--","--","--","--","Não","00:54:05","1","00:00:00","00:56:36","--","--"
Natação em piscina,2024-11-18 11:17:53,false,"Natação em piscina","1,000","109","00:52:53","92","121","--","--","3:14","0:44","--","--","--","0.0","451","60","14","--","Não","00:00:02.3","54","00:32:18","00:54:50","--","--"
Natação em piscina,2024-11-15 15:38:54,false,"Natação em piscina","1,325","177","00:45:42","114","155","--","--","2:50","0:44","--","--","--","0.0","723","56","19","--","Não","00:00:03.1","45","00:37:35","00:48:16","--","--"
Corrida,2024-11-03 13:54:31,false,"New York Corrida","12.01","730","02:35:14","111","155","121","249","12:55","4:57","79","61","0.64","0.0","--","--","--","18,228","Não","00:03:57.0","13","02:31:19","02:35:18","--","36"
Corrida,2024-11-03 10:22:58,false,"New York Corrida","30.04","1,742","03:28:28","160","190","164","244","6:56","4:50","118","146","0.87","0.0","--","--","--","34,632","Não","00:00:32.0","31","03:19:30","03:29:04","--","36"
Ciclismo em local fechado,2024-10-26 11:13:46,false,"Bike","0.00","215","00:31:00","--","--","--","--","--","--","--","--","--","0.0","--","--","--","--","Não","00:31:00","1","--:--:--","00:31:00","--","--"
Academia e equipamentos de fitness,2024-10-23 07:10:05,false,"Musculação ","4.73","200","01:03:28","90","123","5","158","4.5","54.3","208","207","15.10","0.0","--","--","--","644","Não","01:03:28","1","00:29:34","01:03:28","733","791"
Academia e equipamentos de fitness,2024-10-21 06:42:57,false,"Musculação ","2.76","107","00:47:39","78","107","7","160","3.5","32.7","1,233","1,185","8.51","0.0","--","--","--","840","Não","00:47:39","1","00:15:11","00:47:39","596","754"
Cardiovascular,2024-10-20 11:15:28,false,"Musculação ","0.20","167","01:12:25","79","130","10","173","0.2","18.5","14","13","0.27","0.0","--","--","--","1,274","Não","01:12:25","1","00:02:16","01:12:25","744","758"
Cardiovascular,2024-10-18 07:39:47,false,"Musculação ","0.00","285","01:17:06","98","133","4","250","--","--","--","--","0.00","0.0","--","--","--","656","Não","01:17:06","1","00:00:00","01:17:06","--","--"
Corrida,2024-10-06 14:25:47,false,"Serris - Base","6.45","326","00:37:22","142","162","185","206","5:47","5:05","9","9","0.94","0.0","--","--","--","6,856","Não","00:02:38.8","7","00:36:34","00:45:24","120","130"
Corrida,2024-10-06 11:51:04,false,"Serris - Longo","3.88","192","00:22:08","140","164","179","192","5:42","5:19","17","16","0.98","0.0","--","--","--","3,690","Não","00:04:55.2","4","00:21:54","01:58:09","121","130"
Corrida,2024-10-02 06:12:37,false,"São Paulo - Potência","12.40","645","01:08:23","157","174","174","199","5:31","4:31","164","164","1.04","0.0","--","--","--","11,962","Não","00:00:01.1","17","01:08:10","01:12:49","744","775"
Corrida,2024-09-30 06:39:24,false,"São Paulo - Progressivo","12.01","620","01:08:08","151","166","180","195","5:40","5:02","163","163","0.98","0.0","--","--","--","12,266","Não","00:00:07.8","13","01:07:43","01:24:14","744","774"
Corrida,2024-09-28 06:03:09,false,"São Paulo - Longo","30.01","1,536","02:51:48","152","169","181","195","5:44","4:55","249","246","0.97","0.0","--","--","--","31,068","Não","00:00:02.3","31","02:51:05","03:09:06","719","750"
Corrida,2024-09-27 06:21:15,false,"São Paulo - Rodagem","12.01","634","01:12:38","142","160","177","239","6:03","4:57","94","97","0.94","0.0","--","--","--","12,828","Não","00:00:03.0","13","01:12:32","01:18:38","744","775"
Corrida,2024-09-25 06:36:21,false,"São Paulo - Potência","12.41","635","01:08:17","154","175","175","235","5:30","4:41","112","116","1.05","0.0","--","--","--","12,062","Não","00:00:08.6","17","01:07:45","01:18:23","745","774"
Corrida,2024-09-23 06:30:27,false,"São Paulo - Progressivo","12.01","603","01:05:36","150","169","181","202","5:28","4:18","136","136","1.01","0.0","--","--","--","11,896","Não","00:00:02.4","13","01:05:20","01:12:31","744","775"
Corrida,2024-09-21 07:16:38,false,"São Paulo Corrida","10.01","517","00:58:46","143","162","180","196","5:52","5:02","101","103","0.95","0.0","--","--","--","10,552","Não","00:00:02.7","11","00:58:29","01:03:42","747","774"
Corrida,2024-09-20 06:31:56,false,"São Paulo - Longo","16.01","826","01:29:48","150","170","179","194","5:37","4:59","200","200","1.00","0.0","--","--","--","16,064","Não","00:00:03.6","17","01:29:30","01:50:25","744","775"
Corrida,2024-09-18 06:42:49,false,"São Paulo - Potência","10.40","535","00:58:42","150","166","177","213","5:39","4:26","156","160","1.00","0.0","--","--","--","10,484","Não","00:00:53.6","16","00:58:17","01:02:20","744","774"
Corrida,2024-09-16 06:33:01,false,"São Paulo - Progressivo","10.01","513","00:55:52","151","170","182","201","5:35","4:42","120","116","0.99","0.0","--","--","--","10,144","Não","00:00:02.9","11","00:55:35","00:59:11","744","774"
Corrida,2024-09-14 05:43:17,false,"São Paulo - Longo","28.00","1,474","02:41:28","152","172","178","195","5:46","4:50","195","195","0.97","0.0","--","--","--","28,734","Não","00:00:01.3","29","02:40:50","03:04:37","719","750"
Corrida,2024-09-13 06:47:38,false,"São Paulo - Rodagem","14.00","733","01:19:31","151","165","179","190","5:41","4:59","201","201","0.98","0.0","--","--","--","14,212","Não","00:05:11.2","14","01:19:22","01:22:53","743","774"
Corrida,2024-09-11 06:31:29,false,"São Paulo Corrida","10.01","528","00:57:10","152","161","180","194","5:43","5:07","138","136","0.97","0.0","--","--","--","10,202","Não","00:00:02.4","11","00:57:01","01:00:18","743","775"
Corrida,2024-09-09 06:43:42,false,"São Paulo - Forte x Fraco","5.04","249","00:35:47","113","142","152","248","7:06","5:30","95","91","0.92","0.0","--","--","--","5,702","Não","00:03:12.8","6","00:35:46","00:38:44","744","775"
Corrida,2024-09-04 06:44:41,false,"São Paulo - Potência","4.73","250","00:44:07","103","138","129","244","9:19","5:35","116","118","0.82","0.0","--","--","--","5,816","Não","00:01:06.6","6","00:41:21","00:44:07","743","775"
Corrida,2024-09-02 06:54:20,false,"São Paulo - Rodagem","10.00","504","00:57:58","140","155","178","187","5:48","4:59","142","143","0.97","0.0","--","--","--","10,300","Não","00:05:29.8","10","00:57:49","01:01:19","744","774"
Corrida,2024-09-01 05:33:36,false,"São Paulo - Prova","30.13","1,567","02:47:34","157","170","181","194","5:34","4:50","223","222","1.00","0.0","--","--","--","30,188","Não","00:00:38.8","31","02:47:25","02:47:34","717","748"
Corrida,2024-08-30 06:25:54,false,"São Paulo - Rodagem","12.00","600","01:08:29","141","154","176","193","5:42","5:13","205","210","1.00","0.0","--","--","--","12,006","Não","00:00:01.3","13","01:08:22","01:12:51","744","774"
Corrida,2024-08-28 06:46:49,false,"São Paulo - Potência","11.00","563","01:02:29","144","173","170","240","5:41","4:30","133","137","1.03","0.0","--","--","--","10,772","Não","00:00:01.1","18","01:01:52","01:04:37","743","773"
Corrida,2024-08-26 06:22:07,false,"São Paulo - Forte x Fraco","12.00","596","01:05:58","143","164","180","192","5:30","4:42","189","190","1.01","0.0","--","--","--","11,848","Não","00:02:46.9","15","01:05:51","01:10:01","743","773"
Corrida,2024-08-24 07:40:03,false,"São Paulo Corrida","10.01","498","00:57:15","141","151","180","194","5:43","4:59","174","174","0.97","0.0","--","--","--","10,246","Não","00:00:03.3","11","00:57:12","00:59:42","743","774"
Corrida,2024-08-23 06:37:55,false,"São Paulo - Longo","16.01","800","01:28:40","148","160","180","195","5:32","4:38","196","196","1.00","0.0","--","--","--","15,930","Não","00:00:01.8","17","01:28:21","01:32:19","744","774"
Corrida,2024-08-21 06:28:35,false,"São Paulo - Potência","9.01","437","00:51:34","140","169","172","242","5:43","4:04","141","147","1.01","0.0","--","--","--","8,846","Não","00:00:51.7","14","00:51:18","01:04:13","743","766"
Corrida,2024-08-19 06:26:04,false,"São Paulo - Forte x Fraco","10.00","501","00:56:10","147","160","181","198","5:37","4:44","93","103","0.98","0.0","--","--","--","10,150","Não","00:00:01.8","13","00:56:02","00:59:19","744","774"
Corrida,2024-08-17 06:35:13,false,"São Paulo - Longo","28.01","1,432","02:37:01","154","170","180","192","5:36","4:41","226","224","0.99","0.0","--","--","--","28,264","Não","00:00:02.7","29","02:36:39","02:51:31","719","749"
Corrida,2024-08-16 06:22:46,false,"São Paulo - Rodagem","14.01","712","01:20:54","146","161","176","189","5:47","5:06","205","205","0.99","0.0","--","--","--","14,194","Não","00:00:02.1","15","01:20:36","01:23:34","743","775"
Corrida,2024-08-14 07:41:27,false,"São Paulo - Potência","11.21","569","01:05:06","140","167","166","199","5:48","4:22","217","218","1.03","0.0","--","--","--","10,888","Não","00:00:03.1","21","01:04:01","01:10:03","744","775"
Corrida,2024-08-12 07:14:29,false,"São Paulo - Forte x Fraco","11.00","542","01:00:40","146","160","181","197","5:31","4:29","174","172","1.00","0.0","--","--","--","10,932","Não","00:01:06.8","18","01:00:31","01:02:59","745","775"
Corrida,2024-08-11 07:46:17,false,"São Paulo - Longo","26.01","1,265","02:23:52","147","169","182","193","5:32","4:39","393","400","0.99","0.0","--","--","--","26,168","Não","00:00:03.2","27","02:23:14","02:56:01","744","775"
Corrida,2024-08-09 06:54:18,false,"São Paulo - Rodagem","12.01","619","01:10:24","142","160","174","187","5:52","5:08","167","168","0.98","0.0","--","--","--","12,242","Não","00:00:08.5","13","01:10:07","01:33:48","743","775"
Corrida,2024-08-07 06:33:58,false,"São Paulo - Potência","11.21","554","01:03:08","147","170","168","247","5:38","4:13","212","212","1.05","0.0","--","--","--","10,746","Não","00:00:02.1","21","01:02:59","01:04:31","744","775"
Corrida,2024-08-03 06:36:53,false,"São Paulo - Longo","24.01","1,227","02:17:35","148","171","180","196","5:44","4:59","171","168","0.97","0.0","--","--","--","24,838","Não","00:00:02.2","25","02:16:51","02:48:12","719","748"
Corrida,2024-08-02 07:19:40,false,"São Paulo - Rodagem","12.01","611","01:08:22","147","170","176","198","5:42","5:06","186","185","1.00","0.0","--","--","--","12,020","Não","00:00:02.2","13","01:08:03","01:15:32","744","775"
Corrida,2024-07-31 07:23:41,false,"São Paulo - Potência","11.22","590","01:03:08","155","173","167","240","5:38","4:13","206","206","1.09","0.0","--","--","--","10,826","Não","00:00:06.4","21","01:01:31","01:08:41","743","775"
Corrida,2024-07-28 05:41:59,false,"São Paulo - Longo","21.58","1,122","02:00:29","157","181","180","200","5:35","4:18","311","344","1.00","0.0","--","--","--","21,632","Não","00:00:31.5","23","02:00:18","02:00:29","682","821"
Corrida,2024-07-26 06:50:15,false,"São Paulo - Rodagem","12.00","619","01:08:32","149","167","175","195","5:43","5:05","169","171","1.00","0.0","--","--","--","12,010","Não","00:00:00.0","13","01:08:18","01:15:11","744","774"
Corrida,2024-07-24 06:41:36,false,"São Paulo - Potência","10.30","517","00:57:20","153","169","170","233","5:34","4:09","161","158","1.07","0.0","--","--","--","9,992","Não","00:00:02.3","19","00:56:54","01:01:29","743","766"
Corrida,2024-07-22 06:29:57,false,"São Paulo - Forte x Fraco","11.01","557","01:00:52","153","169","180","195","5:32","4:47","159","161","1.01","0.0","--","--","--","10,918","Não","00:00:01.6","19","01:00:37","01:08:21","744","774"
Corrida,2024-07-20 16:40:19,false,"Valinhos Corrida","16.73","285","00:57:54","116","149","7","207","3:28","1:02","48","45","43.83","0.0","--","--","--","418","Não","00:57:54","1","00:39:26","00:57:56","639","649"
Corrida,2024-07-20 06:55:59,false,"São Paulo Corrida","20.01","1,033","01:53:12","152","168","178","195","5:39","4:54","171","174","0.99","0.0","--","--","--","20,160","Não","00:00:03.8","21","01:52:42","02:06:21","719","751"
Corrida,2024-07-20 06:18:39,false,"São Paulo - Longo","4.94","253","00:29:52","141","150","175","184","6:03","5:30","26","26","0.95","0.0","--","--","--","5,250","Não","00:05:49.2","5","00:29:50","00:34:10","719","734"
Corrida,2024-07-19 06:28:53,false,"São Paulo - Rodagem","16.03","829","01:35:08","146","164","177","193","5:56","5:06","209","211","0.95","0.0","--","--","--","16,792","Não","00:00:09.8","17","01:34:49","01:47:13","743","774"
Corrida,2024-07-17 06:47:39,false,"São Paulo - Potência","7.00","347","00:44:55","128","149","158","245","6:25","4:55","69","70","1.00","0.0","--","--","--","7,482","Não","00:00:31.6","19","00:44:46","00:54:32","743","766"
Corrida,2024-07-15 07:20:52,false,"São Paulo - Rodagem","8.01","398","00:47:12","137","157","177","201","5:54","5:20","133","136","0.96","0.0","--","--","--","8,380","Não","00:00:03.7","9","00:46:45","00:55:34","745","775"
Corrida,2024-07-14 05:31:13,false,"São Paulo - Prova","21.38","1,622","01:59:38","157","173","182","204","5:36","4:59","268","263","0.98","0.0","--","--","--","21,674","Não","00:00:30.4","23","01:59:26","01:59:38","719","820"
Corrida,2024-07-12 06:11:19,false,"São Paulo Corrida","14.01","731","01:19:20","152","174","180","201","5:40","5:00","234","223","0.98","0.0","--","--","--","14,190","Não","00:00:01.5","15","01:19:07","01:31:04","743","775"
Corrida,2024-07-10 07:11:16,false,"São Paulo Corrida","4.01","220","00:24:06","161","173","176","186","6:01","5:35","78","82","0.94","0.0","--","--","--","4,264","Não","00:00:02.6","5","00:23:50","00:25:03","743","775"
Corrida,2024-07-10 06:46:16,false,"São Paulo Corrida","3.01","148","00:14:52","165","183","189","199","4:56","4:37","11","26","1.07","0.0","--","--","--","2,794","Não","00:00:02.0","4","00:14:46","00:14:52","746","774"
Corrida,2024-07-10 06:23:33,false,"São Paulo - Base","3.01","150","00:16:14","151","174","182","193","5:23","4:15","73","57","1.02","0.0","--","--","--","2,952","Não","00:00:02.7","4","00:16:13","00:16:14","747","775"
Corrida,2024-07-06 08:34:54,false,"Pouso Alegre - Rodagem","12.02","602","01:10:04","138","164","181","200","5:50","5:06","121","121","0.95","0.0","--","--","--","12,790","Não","00:00:05.2","13","01:08:55","01:25:01","864","896"
Corrida,2024-07-05 08:43:37,false,"São Paulo Corrida","4.01","208","00:22:51","153","169","179","188","5:42","4:44","51","54","0.98","0.0","--","--","--","4,090","Não","00:00:02.8","5","00:22:46","00:26:01","747","774"
Corrida,2024-07-05 06:10:41,false,"São Paulo - Rodagem","16.02","831","01:26:00","160","177","182","203","5:22","4:29","209","212","1.02","0.0","--","--","--","15,570","Não","00:00:05.8","17","01:25:46","01:40:07","744","775"
Corrida,2024-07-03 07:50:11,false,"São Paulo - Potência","10.01","500","00:58:23","143","167","162","241","5:50","4:20","141","138","1.07","0.0","--","--","--","9,728","Não","00:00:02.0","29","00:58:03","01:05:08","746","775"
Corrida,2024-07-01 06:37:34,false,"São Paulo - Forte x Fraco","10.00","502","00:56:40","143","161","177","195","5:40","4:23","169","170","1.00","0.0","--","--","--","10,042","Não","00:00:01.6","17","00:56:08","01:03:40","742","774"
Corrida,2024-06-28 06:50:33,false,"São Paulo - Longo","14.01","721","01:20:08","147","160","177","196","5:43","4:38","228","215","0.99","0.0","--","--","--","14,192","Não","00:00:02.5","15","01:19:58","01:24:39","744","775"
Corrida,2024-06-26 06:35:54,false,"São Paulo - Forte x Fraco","10.01","498","00:56:43","143","161","179","194","5:40","4:45","148","149","0.98","0.0","--","--","--","10,142","Não","00:00:02.1","17","00:56:17","01:02:27","744","775"
Corrida,2024-06-24 07:02:28,false,"São Paulo - Forte x Fraco","10.01","507","00:56:54","144","162","179","194","5:41","4:41","125","128","0.98","0.0","--","--","--","10,202","Não","00:00:02.5","17","00:56:39","00:58:55","743","774"
Corrida,2024-06-23 08:45:40,false,"São Paulo - Rodagem","12.00","609","01:10:18","143","156","176","196","5:51","5:18","225","226","0.97","0.0","--","--","--","12,352","Não","00:00:01.7","13","01:09:42","01:16:11","744","775"
Corrida,2024-06-21 06:44:58,false,"São Paulo - Longo","22.00","1,115","02:02:17","152","163","180","200","5:33","5:01","297","295","1.00","0.0","--","--","--","21,908","Não","00:00:01.3","23","02:01:55","02:17:35","743","775"
Corrida,2024-06-19 06:36:39,false,"São Paulo - Potência","11.01","553","01:04:46","142","166","162","250","5:53","4:13","182","185","1.06","0.0","--","--","--","10,536","Não","00:00:02.6","30","01:04:24","01:16:39","747","775"
Corrida,2024-06-17 06:54:24,false,"São Paulo - Progressivo","11.01","550","01:00:53","148","170","179","200","5:32","4:52","193","187","1.01","0.0","--","--","--","10,908","Não","00:00:01.8","12","01:00:37","01:08:55","743","775"
Corrida,2024-06-15 07:28:34,false,"São Paulo - Rodagem","10.00","507","00:57:52","142","159","177","190","5:47","5:07","126","131","0.98","0.0","--","--","--","10,272","Não","00:00:00.8","11","00:57:36","01:03:14","744","775"
Corrida,2024-06-14 06:21:42,false,"São Paulo - Longo","20.01","1,022","01:53:40","150","164","177","196","5:41","4:48","307","308","0.99","0.0","--","--","--","20,118","Não","00:00:01.0","21","01:53:15","02:03:03","744","777"
Corrida,2024-06-12 06:34:32,false,"São Paulo - Potência","10.01","508","00:58:47","146","165","164","249","5:52","4:08","181","184","1.03","0.0","--","--","--","9,228","Não","00:00:01.5","29","00:58:28","01:00:39","742","774"
Corrida,2024-06-10 08:45:30,false,"São Paulo - Progressivo","6.02","293","00:36:20","139","157","174","244","6:02","4:58","89","96","0.95","0.0","--","--","--","6,384","Não","00:00:06.3","7","00:35:38","01:02:04","743","812"
Corrida,2024-06-08 07:07:04,false,"São Paulo - Rodagem","10.01","498","00:57:41","143","159","178","189","5:46","4:57","124","127","0.97","0.0","--","--","--","10,276","Não","00:00:04.5","11","00:57:28","01:07:07","743","774"
Corrida,2024-06-07 06:52:10,false,"São Paulo - Rodagem","18.01","925","01:41:57","151","167","177","188","5:40","5:00","278","283","1.00","0.0","--","--","--","17,970","Não","00:00:01.3","19","01:41:37","01:54:15","743","775"
Corrida,2024-06-05 06:39:23,false,"São Paulo - Potência","9.01","463","00:53:27","145","171","162","248","5:56","4:00","134","132","1.04","0.0","--","--","--","8,790","Não","00:00:02.3","25","00:52:44","00:55:11","743","775"
Corrida,2024-06-03 06:57:52,false,"São Paulo - Forte x Fraco","10.01","506","00:54:36","153","165","178","189","5:27","4:36","140","139","1.03","0.0","--","--","--","9,674","Não","00:00:02.5","17","00:54:30","00:59:34","744","774"
Corrida,2024-06-01 07:14:56,false,"São Paulo - Rodagem","10.01","513","00:57:41","148","166","177","191","5:46","4:46","203","209","0.98","0.0","--","--","--","10,218","Não","00:00:02.8","11","00:57:25","01:02:37","747","775"
Corrida,2024-05-31 06:49:57,false,"São Paulo - Rodagem","14.01","733","01:17:58","155","178","177","192","5:34","4:52","262","265","1.01","0.0","--","--","--","13,768","Não","00:00:03.1","15","01:17:51","01:27:19","744","774"
Corrida,2024-05-29 06:41:38,false,"São Paulo - Potência","11.02","536","01:06:14","123","172","157","248","6:01","4:16","157","156","1.08","0.0","--","--","--","10,596","Não","00:00:06.1","33","01:05:37","01:08:07","743","774"
Corrida,2024-05-24 06:39:05,false,"São Paulo - Rodagem","16.01","811","01:29:16","149","162","178","194","5:35","4:56","233","234","1.01","0.0","--","--","--","15,870","Não","00:00:03.9","17","01:29:12","01:44:36","744","775"
Corrida,2024-05-22 06:24:08,false,"São Paulo - Forte x Fraco","10.00","499","01:00:06","142","165","162","245","6:00","4:08","162","164","1.03","0.0","--","--","--","9,566","Não","00:00:00.7","29","00:59:48","01:03:04","745","775"
Corrida,2024-05-20 06:44:10,false,"São Paulo - Forte x Fraco","10.00","521","00:56:05","155","180","177","192","5:36","4:33","123","123","1.01","0.0","--","--","--","9,844","Não","00:00:02.2","17","00:55:56","00:59:26","743","774"
Corrida,2024-05-18 06:48:58,false,"São Paulo - Rodagem","8.00","410","00:47:33","142","161","176","190","5:57","4:47","134","138","0.96","0.0","--","--","--","8,376","Não","00:00:01.8","9","00:47:28","00:49:56","744","775"
Corrida,2024-05-17 06:32:19,false,"São Paulo - Rodagem","14.01","697","01:19:59","134","160","164","196","5:42","5:00","231","233","1.47","0.0","--","--","--","12,800","Não","00:00:04.3","15","01:19:46","01:29:45","743","775"
Corrida,2024-05-15 06:25:42,false,"São Paulo - Forte x Fraco","9.01","459","00:53:12","146","166","164","244","5:54","3:31","149","149","1.03","0.0","--","--","--","8,698","Não","00:00:04.0","25","00:52:53","01:01:08","747","775"
Corrida,2024-05-13 06:29:16,false,"São Paulo - Forte x Fraco","10.01","509","00:55:14","153","170","181","196","5:31","4:28","112","114","1.00","0.0","--","--","--","9,944","Não","00:00:02.3","17","00:55:03","01:02:54","747","775"
Corrida,2024-05-11 06:48:06,false,"São Paulo Corrida","8.01","405","00:45:58","146","160","176","192","5:44","4:57","101","106","0.98","0.0","--","--","--","8,148","Não","00:00:02.6","9","00:45:51","00:48:58","744","774"
Corrida,2024-05-10 06:30:51,false,"São Paulo - Rodagem","12.01","615","01:08:49","146","162","177","188","5:44","5:10","156","158","0.98","0.0","--","--","--","12,150","Não","00:00:02.3","13","01:08:40","01:15:00","744","774"
Corrida,2024-05-08 06:30:56,false,"São Paulo - Forte x Fraco","10.00","519","00:56:21","152","166","178","195","5:38","4:39","110","113","0.99","0.0","--","--","--","10,012","Não","00:02:31.6","16","00:56:12","00:57:12","747","774"
Corrida,2024-05-06 06:09:24,false,"São Paulo - Forte x Fraco","10.01","506","00:55:41","151","167","179","201","5:34","4:38","104","108","1.01","0.0","--","--","--","9,952","Não","00:00:03.0","17","00:55:29","01:00:11","747","774"
Corrida,2024-05-04 06:16:49,false,"São Paulo Corrida","8.01","410","00:47:47","140","159","177","187","5:58","5:00","142","140","0.95","0.0","--","--","--","8,428","Não","00:00:03.1","9","00:47:41","00:53:40","743","775"
Corrida,2024-05-03 06:22:16,false,"São Paulo - Rodagem","14.01","729","01:21:27","148","173","176","200","5:49","4:59","222","222","0.98","0.0","--","--","--","14,308","Não","00:00:02.9","15","01:19:48","01:33:35","741","774"
Corrida,2024-05-01 06:49:11,false,"São Paulo - Forte x Fraco","9.01","460","00:51:21","149","172","179","199","5:42","4:23","139","135","0.98","0.0","--","--","--","9,170","Não","00:00:02.9","15","00:50:55","00:53:59","744","775"
Corrida,2024-04-29 06:17:26,false,"São Paulo - Forte x Fraco","9.01","451","00:51:37","145","163","179","195","5:44","4:42","126","131","0.98","0.0","--","--","--","9,176","Não","00:00:01.5","15","00:51:21","00:55:58","744","775"
Corrida,2024-04-27 06:37:00,false,"São Paulo - Rodagem","12.00","618","01:12:16","140","154","177","189","6:01","5:20","198","203","0.94","0.0","--","--","--","12,802","Não","00:00:01.1","13","01:12:13","01:16:25","743","774"
Corrida,2024-04-26 06:20:52,false,"São Paulo - Rodagem","8.01","407","00:45:24","148","161","178","196","5:40","4:47","104","102","0.99","0.0","--","--","--","8,054","Não","00:00:02.6","9","00:45:14","00:47:50","745","774"
Corrida,2024-04-24 06:21:57,false,"São Paulo - Rodagem","8.01","423","00:46:52","149","160","177","203","5:51","5:05","118","115","0.96","0.0","--","--","--","8,310","Não","00:00:02.4","9","00:46:42","00:48:07","743","775"
Corrida,2024-04-22 06:31:44,false,"São Paulo - Rodagem","9.01","475","00:53:28","143","154","177","198","5:56","5:13","84","81","0.95","0.0","--","--","--","9,488","Não","00:00:02.6","10","00:53:27","00:54:08","743","774"
Corrida,2024-04-20 07:08:38,false,"São Paulo - Rodagem","5.01","252","00:30:42","125","142","177","189","6:08","5:27","79","82","0.92","0.0","--","--","--","5,460","Não","00:00:02.5","6","00:30:37","00:52:50","743","766"
Corrida,2024-04-19 06:33:12,false,"São Paulo - Rodagem","6.04","310","00:34:57","142","162","175","189","5:47","4:44","76","81","0.99","0.0","--","--","--","6,078","Não","00:00:14.2","7","00:34:52","00:34:57","743","774"
Corrida,2024-04-17 06:26:51,false,"São Paulo - Rodagem","7.00","351","00:40:27","143","163","176","189","5:47","5:02","123","126","0.98","0.0","--","--","--","7,164","Não","00:05:29.5","7","00:40:15","00:42:13","743","774"
Corrida,2024-04-15 06:13:41,false,"São Paulo - Rodagem","7.01","364","00:41:03","148","162","179","192","5:51","5:17","111","118","0.95","0.0","--","--","--","7,294","Não","00:00:03.2","8","00:40:57","00:41:03","744","775"
Corrida,2024-04-13 06:48:09,false,"São Paulo - Rodagem","7.01","343","00:41:20","137","151","178","187","5:54","4:59","124","128","0.95","0.0","--","--","--","7,350","Não","00:00:02.2","8","00:41:08","00:44:26","743","775"
Corrida,2024-04-12 06:51:01,false,"São Paulo - Rodagem","6.01","301","00:33:32","147","162","179","194","5:35","4:59","99","100","1.00","0.0","--","--","--","5,990","Não","00:00:02.4","7","00:33:26","00:33:32","743","767"
Corrida,2024-04-07 06:21:05,false,"São Paulo - Prova","21.45","1,125","01:58:01","162","179","180","192","5:30","4:47","250","249","1.01","0.0","--","--","--","21,086","Não","00:00:30.8","23","01:57:58","01:58:01","718","787"
Corrida,2024-04-05 06:29:28,false,"São Paulo - Rodagem","6.02","304","00:35:26","141","161","176","186","5:53","5:16","84","87","0.97","0.0","--","--","--","6,220","Não","00:00:10.4","7","00:35:25","00:35:31","735","774"
Corrida,2024-04-03 06:37:35,false,"São Paulo - Rodagem","7.01","350","00:40:15","146","157","179","194","5:44","5:02","120","120","0.97","0.0","--","--","--","7,168","Não","00:00:03.2","8","00:40:08","00:40:15","743","775"
Corrida,2024-04-01 06:22:26,false,"São Paulo - Longo","8.01","385","00:44:24","147","167","178","190","5:33","4:47","112","118","1.01","0.0","--","--","--","7,890","Não","00:00:03.5","9","00:44:17","00:47:47","744","774"
Corrida,2024-03-30 06:35:09,false,"São Paulo - Longo","8.03","411","00:46:07","149","168","180","190","5:45","4:52","98","88","0.97","0.0","--","--","--","8,292","Não","00:00:10.5","9","00:45:59","00:51:05","720","765"
Corrida,2024-03-29 06:25:08,false,"São Paulo - Rodagem","6.00","310","00:35:59","142","155","179","183","6:00","5:21","86","92","0.93","0.0","--","--","--","6,410","Não","00:00:01.6","7","00:35:58","00:35:59","739","774"
Corrida,2024-03-27 06:24:22,false,"São Paulo - Rodagem","8.52","438","00:50:40","146","163","176","194","5:57","4:45","124","122","0.95","0.0","--","--","--","8,976","Não","00:03:17.5","9","00:50:31","00:56:06","744","767"
Corrida,2024-03-25 06:05:35,false,"São Paulo - Rodagem","12.00","606","01:12:01","143","156","178","190","6:00","1:02","173","169","0.94","0.0","--","--","--","12,786","Não","00:00:01.0","13","01:11:45","01:23:40","743","774"
Corrida,2024-03-23 06:45:30,false,"São Bernardo do Campo - Longo","24.01","1,221","02:20:21","149","170","176","188","5:51","4:39","209","208","0.97","0.0","--","--","--","24,698","Não","00:00:02.1","25","02:20:04","02:37:07","730","769"
Corrida,2024-03-20 05:58:07,false,"São Paulo - Rodagem","14.01","675","01:21:00","142","164","178","196","5:47","5:12","253","259","0.97","0.0","--","--","--","14,492","Não","00:00:02.7","15","01:20:25","01:58:09","743","775"
